{"cameraMode":{"drawMode":0,"name":"Shaded","section":"Shading Mode"},"sceneLighting":false,"audioPlay":false,"sceneViewState":{"m_AlwaysRefresh":false,"showFog":true,"showSkybox":false,"showFlares":true,"showImageEffects":true,"showParticleSystems":true,"showVisualEffectGraphs":true,"m_FxEnabled":true},"in2DMode":false,"pivot":{"x":20.635040283203126,"y":2.977865695953369,"z":5.349999904632568},"rotation":{"x":0.020130448043346406,"y":-0.8662315607070923,"z":0.04141746088862419,"w":0.49864888191223147},"size":3.734105110168457,"orthographic":true}