{"cameraMode":{"drawMode":0,"name":"Shaded","section":"Shading Mode"},"sceneLighting":false,"audioPlay":false,"sceneViewState":{"m_AlwaysRefresh":false,"showFog":true,"showSkybox":false,"showFlares":true,"showImageEffects":true,"showParticleSystems":true,"showVisualEffectGraphs":true,"m_FxEnabled":true},"in2DMode":false,"pivot":{"x":-1.4996089935302735,"y":0.0698012113571167,"z":-2.811222553253174},"rotation":{"x":0.003256767988204956,"y":0.9928244948387146,"z":-0.07756717503070831,"w":0.10687537491321564},"size":1.0967844724655152,"orthographic":true}